Size,Dense_Time,Size,CSR_Time
1000,0.00920034,1000,5.8344e-05
2000,0.0201441,2000,3.8018e-05
3000,0.0615154,3000,0.000565078
4000,0.0901039,4000,7.0599e-05
5000,0.138294,5000,6.3742e-05
6000,0.18619,6000,8.6374e-05
7000,0.259106,7000,0.000107939
8000,0.363289,8000,0.000225662
9000,0.435055,9000,0.000112781
10000,0.553608,10000,0.000155156
11000,0.682615,11000,0.000413779
12000,0.793696,12000,0.000176494
13000,0.91265,13000,0.000204185
